Talent Number,desription
Talent Number 03,"คุณเป็นคนที่มีความคิดสร้างสรรค์สูงมาก มีพรสวรรค์ในการแสดงออก และสื่อสารสิ่งที่อยู่ในใจออกมาได้อย่างชัดเจน พลังของเลข 3 ทำให้คุณสามารถนำความคิดหรืออารมณ์ที่ซับซ้อน ถ่ายทอดออกมาในรูปแบบที่เข้าใจง่าย

คุณมีความยืดหยุ่น ปรับตัวเก่ง และพร้อมจะเปล่งประกายเมื่อได้อยู่บนเวทีหรือในพื้นที่ที่สามารถแสดงตัวตนได้ ไม่ว่าจะเป็นศิลปะ ดนตรี การพูด หรือแม้แต่งานขาย คุณมีความสามารถในการทำให้เรื่องยากกลายเป็นเรื่องที่เข้าถึงหัวใจของคนได้ง่าย ๆ"
Talent Number 04,"คุณเป็นคนมีระเบียบ มีความสามารถในการจัดการและวางแผนอย่างเป็นระบบ พลังของเลข 4 ทำให้คุณยึดถือความมั่นคง ความจริงจัง และความรับผิดชอบเป็นหลัก คุณไม่ใช่คนเพ้อฝัน แต่จะลงมือทำในสิ่งที่จับต้องได้

เมื่อคุณอยู่ในทีม คุณมักจะเป็นคนที่คอยแบกรับความรับผิดชอบ หรือเป็นกำลังสำคัญที่ทำให้โปรเจกต์นั้นสำเร็จ ถึงแม้แผนของคุณอาจจะดูไม่หวือหวา แต่ก็มักจะเป็นแผนที่ใช้งานได้จริง และนำไปสู่ความสำเร็จอย่างมั่นคง"
Talent Number 05,"คุณเป็นคนคล่องแคล่ว ว่องไว และปรับตัวเก่ง พลังของเลข 5 ทำให้คุณมีความสนใจหลากหลาย ชอบเรียนรู้สิ่งใหม่ และกล้าท้าทายขีดจำกัดของตัวเองอยู่เสมอ

คุณสามารถใช้ความสามารถในการสื่อสารและข้อมูลเพื่อเชื่อมโยงกับผู้คนรอบตัวได้ดี หากคุณรู้จักใช้ความช่างสงสัยในทางที่สร้างสรรค์ จะสามารถเติบโตเป็นผู้เชี่ยวชาญในสายงานที่ต้องการความยืดหยุ่น เช่น การตลาด โฆษณา หรือการเป็นนักวางกลยุทธ์"
Talent Number 06,"คุณมีหัวใจของผู้ให้ พลังของเลข 6 ทำให้คุณรักความงาม ความสมบูรณ์ และมีความรับผิดชอบสูงมาก คุณชอบที่จะดูแลผู้อื่น และมักจะรู้สึกดีเมื่อได้ทำให้คนรอบข้างมีความสุข

คุณมีจิตใจที่ละเอียดอ่อน และรักในความสงบ กลมกลืน เหมาะกับงานที่เกี่ยวข้องกับการออกแบบ ศิลปะ การให้คำปรึกษา หรือการดูแลผู้คนในรูปแบบต่าง ๆ คุณมีแรงผลักดันภายในที่ไม่ยอมแพ้ต่ออุปสรรค และพร้อมจะเสียสละเพื่อสิ่งที่คุณเชื่อว่า “ถูกต้อง”"
Talent Number 07,"คุณเป็นผู้แสวงหาความจริงโดยธรรมชาติ มีแนวคิดเฉพาะตัว และมักจะคิดลึกกว่าคนทั่วไป พลังของเลข 7 ทำให้คุณมีความชอบในการวิเคราะห์ วิจัย หรือศึกษาสิ่งที่ซ่อนอยู่หลังฉากของความเป็นจริง

คุณไม่ใช่คนชอบอยู่ในความวุ่นวายของตลาดหรือระบบการแข่งขันทั่วไป แต่เหมาะกับงานที่ต้องใช้สติปัญญาอย่างลึกซึ้ง เช่น วิทยาศาสตร์ จิตวิทยา ปรัชญา หรือแม้แต่เรื่องลึกลับที่เกี่ยวกับจิตวิญญาณ"
Talent Number 08,"คุณมีพลังด้านการบริหารจัดการอย่างมหาศาล พลังของเลข 8 ทำให้คุณมีวิสัยทัศน์กว้าง มุ่งมั่น และมีความสามารถในการผลักดันตัวเองให้ไปสู่จุดหมายที่ยิ่งใหญ่

คุณเหมาะกับงานที่เกี่ยวข้องกับธุรกิจ การลงทุน หรือการควบคุมทรัพยากร เพราะคุณสามารถคิดอย่างเป็นระบบ วางแผนในระดับสูง และมีความอดทนในการเดินตามเป้าหมายโดยไม่ไขว้เขว"
Talent Number 09,"คุณเป็นคนมองโลกในแง่ดี มีจิตใจที่กว้างขวาง และพร้อมแบ่งปันเสมอ พลังของเลข 9 ทำให้คุณเป็นคนที่เข้าใจผู้อื่นลึกซึ้ง และสามารถให้อภัยได้แม้ในสิ่งที่คนอื่นอาจไม่ยอมรับ

คุณมีความหวังในหัวใจเสมอ และมีศักยภาพในการเป็นผู้นำที่อ่อนโยน คุณอาจจะเหมาะกับสายงานที่ต้องดูแลผู้อื่น การศึกษา จิตวิทยา หรือมูลนิธิที่ทำงานเพื่อสังคม เพราะคุณมีพลังที่จะเปลี่ยนความหวังให้กลายเป็นความจริงได้"
Talent Number 10,"คุณคือผู้นำโดยธรรมชาติ พลังของเลข 1 ที่กลับมาอีกครั้งในรูปแบบของ 10/1 นี้ยังคงเน้นเรื่องความเป็นผู้นำ การริเริ่ม และการกล้าคิดกล้าทำ คุณมีความสามารถในการสร้างเส้นทางของตนเองโดยไม่ต้องเดินตามใคร

คุณกล้ารับผิดชอบ ชัดเจน และจริงจังในสิ่งที่ทำ หากคุณยอมให้ตัวเองเรียนรู้จากความผิดพลาดโดยไม่ต้องพิสูจน์ให้ใครเห็น คุณจะกลายเป็นผู้นำที่ไม่ใช่แค่ “สั่ง” แต่ “สร้าง”"
Talent Number 11,"คุณมีพลังของจิตวิญญาณในระดับสูง เป็นผู้มีเซนส์ลึกและความเข้าใจในเรื่องที่คนทั่วไปอาจไม่ทันสังเกต พลังของเลข 11 ทำให้คุณเป็นนักเชื่อมโยงระหว่างโลกวัตถุกับโลกของพลังงานละเอียด

คุณอาจเหมาะกับบทบาทของผู้นำทางจิตวิญญาณ ที่ปรึกษา นักออกแบบระบบการสื่อสาร หรือคนที่ใช้แรงบันดาลใจในการเปลี่ยนแปลงคนอื่นให้ดีขึ้น จุดแข็งของคุณคือ “พลังเงียบ” ที่ส่องนำผู้อื่นในเวลาที่เขามองไม่เห็นหนทาง"
Talent Number 12,"คุณเป็นคนที่ภายนอกดูร่าเริง แจ่มใส เข้ากับผู้คนได้ดี แต่ภายในกลับมีจิตใจที่อ่อนไหว ระมัดระวัง และช่างสังเกต คุณมีความสามารถด้านการสื่อสารอยู่มาก และสามารถถ่ายทอดความคิดผ่านคำพูดได้อย่างมีพลัง

สิ่งสำคัญคือคุณต้องฝึกฝนการทำงานร่วมกับผู้อื่นให้มากขึ้น ไม่ใช่ใช้คำพูดในการคัดค้านหรือวิพากษ์วิจารณ์คนรอบข้างอย่างรุนแรงเกินไป เพราะนั่นอาจกลายเป็นจุดอ่อนที่บดบังพรสวรรค์ในตัวคุณ

เลข 12/3 ยังสะท้อนถึงความเป็นศิลปินในตัว ไม่ว่าคุณจะทำสิ่งใดก็มักเลือกทำตามความชอบของตนเอง อาชีพที่เหมาะสมคือสายงานที่ต้องใช้วาทศิลป์ การพูด การเขียน หรือการสื่อสารเพื่อแสดงตัวตนอย่างสร้างสรรค์"
Talent Number 13,"คุณเป็นคนที่ภายนอกดูกล้าหาญ กล้าแสดงออก และมักมีความคิดหลากหลายที่ต้องอาศัยความมั่นใจในการผลักดันให้สิ่งเหล่านั้นเกิดขึ้นจริง คุณต้องการการยอมรับและกำลังใจจากผู้อื่นเพื่อเสริมแรงใจในการลงมือทำ

อย่างไรก็ตาม ความรู้สึกไม่ปลอดภัยในใจของคุณอาจกลายเป็นอุปสรรคสำคัญที่ขัดขวางการปรับตัว และอาจก่อให้เกิดความร้อนรุ่มภายในหากไม่ได้รับการสนับสนุนหรือความเข้าใจที่เพียงพอจากสภาพแวดล้อมรอบตัว"
Talent Number 14,"พลังของคุณเกิดจากแรงผลักดันภายในของเลข 4 ที่ต้องการความมั่นคง โดยเฉพาะในด้านอาชีพการงาน ซึ่งเป็นปัจจัยสำคัญที่จะทำให้พลังแห่งการสร้างสรรค์และการเปลี่ยนแปลงของคุณแสดงออกมาได้อย่างเต็มที่

หากปราศจากความมั่นคง คุณอาจกลายเป็นคนที่ดูแข็งแกร่งภายนอก แต่ภายในกลับอ่อนไหว ไม่สามารถให้อิสรภาพที่แท้จริงกับทั้งร่างกายและจิตใจได้

คุณมีพลังแห่งการสร้างสรรค์ที่โดดเด่น มีความสามารถในการลงมือทำอย่างจริงจัง แต่ต้องระวังเรื่องสมดุลระหว่างความต้องการความมั่นคงกับความรักอิสระ เพราะหากเสียสมดุลนี้ อาจกลายเป็นสิ่งที่ขัดขวางความสำเร็จของตนเอง

การลงมือทำและการรู้จักขอความช่วยเหลือเมื่อจำเป็น คือปัจจัยสำคัญที่จะช่วยให้คุณประสบความสำเร็จในสิ่งที่ตั้งใจไว้ คุณมีความสนใจที่หลากหลาย มีความรู้และความสามารถมากมาย และหากสามารถมุ่งมั่นทำเรื่องใดเรื่องหนึ่งได้นานพอ ก็จะมีโอกาสประสบความสำเร็จได้ง่ายขึ้น"
Talent Number 15,"คุณเป็นคนที่มีอุดมคติและฉลาดหลักแหลม มีความสามารถในการสร้างสรรค์ และเป็นตัวแทนของอุดมคตินิยม คุณเก่งในการสื่อสารกับผู้คน และมีพลังภายในที่ชัดเจน

พลังแห่งพรสวรรค์ของคุณเกิดจากความสามารถในการสื่อสารกับจิตใจของตนเอง และยังสามารถใช้สิ่งนี้ในการเยียวยาผู้อื่นได้อีกด้วย

สิ่งที่คุณต้องเรียนรู้คือ การยอมรับความผิดและความถูกต้อง ทั้งของตนเองและของผู้อื่น หากไม่เข้าใจบทเรียนข้อนี้ ความทระนงตนและอคติของคุณอาจกลายเป็นสิ่งที่ชักนำผู้อื่นไปในทางที่ผิดได้โดยไม่ตั้งใจ"
Talent Number 16,"คุณมีเซ้นส์และสติปัญญาที่เฉียบแหลม สามารถตัดสินเรื่องราวต่าง ๆ ได้จากความรู้สึก จุดเริ่มต้นของทุกอย่างในชีวิตคุณมักเกิดจากแรงสะเทือนในจิตใจ มากกว่าการไตร่ตรองตามเหตุผล

แม้ภายนอกจะดูเยือกเย็น นิ่งเฉย หรือสงบเสงี่ยม แต่ภายในกลับรุ่มร้อน เต็มไปด้วยอารมณ์ ความเปราะบาง และคำถามที่ไม่มีคำตอบ พลังแห่งการสร้างสรรค์ของคุณไม่ได้เกิดจากความทะเยอทะยาน แต่เกิดจากความรัก ความรู้สึก และการเชื่อมโยงอย่างลึกซึ้งกับสิ่งที่อยู่ภายในใจ

เลขพรสวรรค์ 16/7 คือพลังของการสำรวจจิตใจตัวเองอย่างต่อเนื่อง คุณจะเติบโตเมื่อสามารถไว้เนื้อเชื่อใจผู้อื่น และกล้าก้าวออกจากโลกส่วนตัวที่คุณสร้างขึ้นมาเพื่อปกป้องตัวเอง

หากทำได้ คุณจะสามารถใช้ศักยภาพภายในนั้นในทุกเส้นทางที่ต้องการพลังทางสมอง ความเข้าใจ และการเข้าถึง เช่น อาชีพที่ต้องใช้การตีความ วิเคราะห์ การช่วยเหลือทางจิตใจ หรือแม้แต่ศิลปะที่ลึกซึ้งและสื่อสารกับความรู้สึกของผู้คน"
Talent Number 17,"คุณเป็นผู้ที่มีพลังในตัวเองอย่างมาก ทั้งในด้านความเป็นอิสระ การตระหนักรู้ ความเป็นผู้นำ และมันสมองที่เฉียบคม คุณมีความทะเยอทะยานอย่างแรงกล้า โดยเฉพาะในเรื่องอำนาจ บารมี และทรัพย์สินเงินทอง

คุณมีศักยภาพในการทำงานใหญ่ มีทั้งความสามารถในการลงมือทำ และพรสวรรค์ในเรื่องความโชคดีที่ยากจะหาใครเปรียบ ไม่ว่าคุณจะเลือกทำงานในสายอาชีพใด หากมีความสนใจ มีความกระตือรือร้น และมีความเชื่อมั่นในตนเอง คุณก็สามารถประสบความสำเร็จได้ตามที่ต้องการ

สิ่งสำคัญที่สุดคือ การเอาชนะความเย่อหยิ่ง ทะนงตนของตัวเอง โดยเฉพาะนิสัยหวาดระแวงและความช่างสงสัยอันเป็นพลังแฝงของเลข 7 ซึ่งอาจกลายเป็นอุปสรรคขัดขวางความสำเร็จของคุณได้อย่างไม่รู้ตัว"
Talent Number 18,"คุณมีพลังแห่งความเป็นผู้นำที่โดดเด่น เลข 1 ในตัวคุณคือพลังแห่งการเรียกร้องและชักนำผู้อื่น ส่วนเลข 8 คือพลังในการควบคุมและจัดการ ซึ่งทั้งสองพลังนี้รวมกันกลายเป็นเลขชีวิต 9 ที่เปี่ยมด้วยอิทธิพล

เลขพรสวรรค์ 18/9 มีความพิเศษ คือสามารถเป็นได้ทั้งคนดีที่ยิ่งใหญ่ หรือคนที่ชั่วร้ายได้เช่นกัน ทั้งหมดขึ้นอยู่กับตัวคุณว่าจะเลือกใช้พลังอันแข็งแกร่งนี้ไปกับเรื่องใด

เป้าหมายชีวิตของคุณคือการใช้พลังของตนเพื่อช่วยเหลือผู้อื่น และสร้างความสุขให้กับคนรอบข้าง แต่ในจิตใจลึก ๆ คุณก็มีความปรารถนาในอำนาจและชื่อเสียง หากไม่ระมัดระวัง คุณอาจใช้พลังในการควบคุมเพื่อแสวงหาผลประโยชน์จากผู้อื่น หรือใช้ตำแหน่งหน้าที่เพื่อสนองความต้องการส่วนตัว

สิ่งที่คุณต้องทำให้ได้ คือการยกระดับจิตวิญญาณด้านความดีของตนเองขึ้นมา หากสามารถทำได้ พลังของคุณจะกลายเป็นแรงจูงใจให้ผู้อื่น และนำพาคุณไปสู่การค้นพบคุณค่าที่แท้จริงของตัวเอง"
Talent Number 19,"คุณเป็นคนที่มีความสันโดษในตัวเอง และมีพลังแห่งการสร้างสรรค์อย่างมาก พลังเหล่านี้ต้องได้รับการบริหารด้วยสติปัญญาและจิตใจอย่างสมดุล จึงจะสามารถแผ่อิทธิพลออกไปยังคนรอบข้างได้อย่างแท้จริง

หากคุณไม่เข้าใจจุดนี้ อาจทำให้รู้สึกว่าตนเองถูกทอดทิ้ง เกิดความกดดันทางอารมณ์ และกลายเป็นคนดื้อรั้น ไม่ยอมเปลี่ยนแปลง คนที่มีเลขพรสวรรค์ 19/1 ต้องเรียนรู้ที่จะผสมผสานพลังแห่งแรงกระตุ้นกับความเชื่อทางใจให้ดี เพื่อใช้จิตวิญญาณของตนเองในการกระตุ้นและเป็นแรงบันดาลใจให้กับผู้อื่น — ไม่ใช่การยัดเยียดปณิธานส่วนตัวให้กับคนอื่น

แม้ว่าภายนอกของคุณอาจดูอ่อนแอ หรือชอบเออออตามผู้อื่น แต่ความจริงแล้วคุณเป็นคนที่มีความแข็งแกร่งทางจิตใจสูง มีความปรารถนาในชื่อเสียง การยอมรับ และการเป็นที่รู้จัก แต่คุณมักเก็บซ่อนสิ่งเหล่านี้ไว้ ไม่แสดงออกมา

คุณต้องการความช่วยเหลือจากผู้อื่นอยู่ไม่น้อย และหากต้องทำอะไรเพียงลำพังมักรู้สึกไม่ปลอดภัย คุณมีแนวโน้มจะพึ่งพาผู้อื่น จึงจะดีที่สุดหากสามารถแสดงความสามารถในการควบคุมภายใน และศักยภาพทางธุรกิจที่มีออกมาได้อย่างเต็มที่

คุณปฏิบัติต่อผู้อื่นด้วยความจริงใจ แต่ควรระวังไม่ควบคุม หรือทัดทานอำนาจของผู้อื่นมากเกินไป"
Talent Number 20,เลขพรสวรรค์ 20/2 คุณจะต้องแสดงศักยภาพในด้านการประสานงานและการให้ความร่วมมือให้ดี  ยิ่งภายในจิตใจของคุณไม่มีความขัดแย้ง  มีแต่ความปรองดองมากเท่าไร  ก็จะยิ่งทําให้เส้นทางชีวิตราบรื่นมากเท่านั้น  การรับรู้ ทางความรู้สึกได้ดีนั้น  ถือเป็นทั้งจุดเด่นและศัตรู  คุณจะต้องเอาชนะความดื้อรั้นและยอมรับการประนีประนอมให้ได้  คุณเป็นคนประเภทที่เพลิดเพลินกับการใช้ชีวิต  จึงใส่ใจความมั่นคงทางความรู้สึก  ที่ได้มาจากทรัพย์สินเงิน ทอง  คุณจะต้องเชื่อมั่นในเซ้นส์เรื่องของสวยๆงามๆของตนเองจึงจะ สามารถค้นพบเป้าหมายในชีวิตได้อย่างสบายๆ 
Talent Number 21,เลขพรสวรรค์ 21/3 จะค่อนข้างเป็นคนคมในฝัก ภายนอกดูอ่อนแอ แต่ภายในนั้นแข็งแกร่ง และจะไม่ดูร่าเริงหรือกระฉับกระเฉงนัก คุณสามารถเข้ากับผู้อื่นได้ดี ให้ความสําคัญกับมนุษย์สัมพันธ์  และมีความทะเยอทะยานในหน้าที่การงานแต่จําเป็นต้องกระตุ้นความสร้างสรรค์ในตัวเองออกมา  หากคุณสนใจแต่เรื่องมนุษย์สัมพันธ์หรือความรักมากเกินไป  จะกลายเป็นการจํากัดศักยภาพในการอยู่คนเดียวของคุณ ทําให้ขาดความเป็นตัวเอง 
Talent Number 22,"คุณเป็นคนที่มีเลข 2 ซ้ำกัน (22) จึงมีลักษณะภายในและภายนอกที่คล้ายคลึงกัน ขอเพียงคุณสามารถแสดงพรสวรรค์ในด้านการให้ความร่วมมือ และการรักษาสมดุลให้ดี รู้จักใช้ความช่างสังเกตให้เกิดประโยชน์ ก็สามารถบรรลุเป้าหมายที่ตนตั้งไว้ได้

เลข 22/4 มีความเป็น “เด็กดี” เป็นจุดเด่น เพราะเลข 2 มีลักษณะที่แตกต่างกันสองขั้ว สิ่งที่คุณต้องเรียนรู้คือ การให้ความร่วมมือ และมีความอดทน หากอ่อนเกินไปก็จะกลายเป็นการถูกรังแก หากแข็งเกินไปก็จะกลายเป็นการต่อต้าน ไม่ให้ความร่วมมือ

วิธีการหาความสมดุลระหว่างสองสิ่งนี้ ไม่ใช่การกดทับความช่างจินตนาการที่เป็นพื้นฐานนิสัย แต่คือการเรียนรู้ที่จะกล้ายอมรับลักษณะนิสัยของตนเองอย่างแท้จริง

ในเรื่องของอาชีพการงาน คุณควรหลีกเลี่ยงสภาพแวดล้อมที่วุ่นวาย ไม่อยู่กับความเป็นจริง หรือไม่มีระเบียบชัดเจน เพราะสิ่งเหล่านี้ไม่เหมาะกับคนที่มีเลข 22/4 อย่างคุณเลย"
Talent Number 23,"ผู้ที่มีพรสวรรค์เลข 23/5 เป็นคนที่มีความยืดหยุ่นสูง มีความคิดสร้างสรรค์ รักอิสระ และชื่นชอบการเปลี่ยนแปลงอยู่เสมอ เรียนรู้ได้ดีจากประสบการณ์จริง และมักไม่ชอบกรอบเดิม ๆ หรือระบบที่ตายตัว

มีความสามารถในการสื่อสารที่ยอดเยี่ยม ทั้งด้านการพูด เขียน หรือการนำเสนอความคิด และมีทักษะในการเข้าสังคม สามารถประนีประนอม เชื่อมโยงผู้คน และสร้างความสัมพันธ์ที่ดีได้ง่าย เป็นนักเชื่อมโยงที่เก่งทั้งในเชิงความคิดและความรู้สึก

อย่างไรก็ตาม อาจมีความไม่มั่นใจในตนเองในบางช่วงเวลา หรือลังเลในการตัดสินใจ ต้องฝึกฝนความมั่นคงภายใน และเชื่อมั่นในศักยภาพของตัวเอง เพื่อปลดล็อกพรสวรรค์ที่แท้จริง


ควรใช้พรสวรรค์ด้านการสื่อสาร การเข้าสังคม และความคิดสร้างสรรค์ให้เกิดประโยชน์สูงสุด โดยเฉพาะในสายงานที่เกี่ยวกับสื่อ ศิลปะ การเจรจา หรืองานที่ต้องใช้ทักษะทางภาษา พร้อมกับฝึกความกล้าแสดงออก และสร้างความเชื่อมั่นในตนเองอย่างต่อเนื่อง"
Talent Number 24,"เลขพรสวรรค์ 24/6 คุณเป็นคนที่มีแนวโน้มจะคิดวิเคราะห์อยู่ตลอดเวลา ชอบพิจารณาไตร่ตรองสิ่งต่าง ๆ อย่างละเอียดลึกซึ้ง มีความสามารถในการจินตนาการสูง แต่ในเวลาเดียวกันกลับตัดสินใจได้ยาก ลังเล ยืดเยื้อ เมื่อถึงเวลาต้องเลือกอะไรสักอย่าง ก็มักจะคิดวนอยู่กับความลังเลจนตัดสินใจไม่เด็ดขาด

อย่างไรก็ตาม คุณมีศักยภาพพิเศษในด้านการให้บริการผู้อื่นโดยธรรมชาติ เหมาะกับงานที่ต้องใช้ความคิดวิเคราะห์ร่วมกับจินตนาการ เช่น งานที่ปรึกษา การวางแผน ผู้ช่วย หรือการเขียนนิยาย  หากได้ใช้ความสามารถด้านนี้กับงานอย่างเต็มที่ จะสามารถปลดปล่อยศักยภาพในตัวคุณออกมาได้อย่างชัดเจน"
Talent Number 25,"ไม่ว่าภายนอกจะดูเหมือนคุณสามารถพูดคุยกับผู้อื่นได้อย่างเป็นธรรมชาติแค่ไหน แต่โดยพื้นฐานแล้ว คนที่มีเลขพรสวรรค์ 25/7 มักมีความโดดเดี่ยว ซ่อนเร้นนิสัยของตนเอง และกลัวว่าผู้อื่นจะมองเห็นเข้าไปถึงจิตใจที่แท้จริง

แม้ภายนอกจะดูนิ่งและเงียบ แต่ภายในของคุณกลับมีความใสซื่อ บริสุทธิ์ เหมือนกับเด็กคนหนึ่ง คุณกลัวการผูกมัด แต่ในขณะเดียวกันก็กล้ายืนยันข้อเท็จจริงในสิ่งที่ตนเองเชื่อมั่น เป็นคนที่ใฝ่รู้ ชอบค้นหาความจริง และหากมีใจมุ่งมั่นจะทำสิ่งใดอย่างจริงจัง ก็สามารถกระตุ้นศักยภาพในตัวคุณให้แสดงออกมาได้อย่างโดดเด่น

คุณมีความสามารถในหลากหลายสายอาชีพ แต่โดยมากมักเกี่ยวข้องกับศิลปวัฒนธรรม รวมถึงงานที่ต้องใช้ทักษะในการค้นคว้า สำรวจ ตรวจสอบ เช่น งานวิจัย หน่วยข่าวกรอง หรือตำรวจ ก็ล้วนเหมาะสมกับคุณ"
Talent Number 26,"คุณเป็นคนที่มีคุณธรรมอยู่ในใจ ลึก ๆ แล้วต้องการทำสิ่งที่ดี มีเมตตา และให้คุณค่ากับความถูกต้อง แต่ในขณะเดียวกัน เส้นทางชีวิตของคุณก็พาไปสู่ความทะเยอทะยาน ความต้องการประสบความสำเร็จ และการให้ความสำคัญกับชื่อเสียงและเงินทองอย่างหลีกเลี่ยงไม่ได้

ภายในคุณจึงอาจเกิดความขัดแย้งอยู่เสมอ ระหว่าง “เห็นแก่เงิน” กับ “รู้สึกผิดที่เห็นแก่เงิน” จนบางครั้งอาจรู้สึกเกลียดหรือปฏิเสธความร่ำรวยโดยไม่รู้ตัว ทั้งที่จริงแล้ว การเห็นแก่เงินไม่ใช่สิ่งผิดอะไร โดยเฉพาะเมื่อคุณต้องเป็นผู้แบกรับภาระของครอบครัว

สิ่งสำคัญที่ต้องระวังคือ อย่าใจร้อน อย่ารีบไขว่คว้าความสำเร็จจนเกินไป เพราะความเร่งรีบอาจทำให้คุณพลาด และกลายเป็นสิ่งที่ทำให้ประสบความสำเร็จได้ช้ากว่าที่ควรจะเป็น"
Talent Number 27,"คุณเป็นคนที่มีพรสวรรค์ด้านจิตวิญญาณโดยกำเนิด มีแนวโน้มเชื่อมโยงกับเรื่องศาสนา ความเชื่อ หรือวิธีการบำเพ็ญตนต่าง ๆ อยู่เสมอ คุณสามารถรับรู้ความรู้สึกของผู้อื่นได้ดี และมีพลังในการสำรวจจิตใจตนเองอย่างลึกซึ้ง ซึ่งสิ่งเหล่านี้ผลักดันให้คุณมีปัญญาในระดับสูง

คุณมีศักยภาพในการเป็นผู้นำทางจิตวิญญาณ เป็นที่ปรึกษาทางใจ หรือมัคคุเทศก์ที่เปี่ยมด้วยความรู้ บางคนอาจประสบความสำเร็จในสายงานบริการที่ใช้ความเข้าใจมนุษย์อย่างลึกซึ้ง หรือเป็นศิลปินที่ผสานอารมณ์กับเหตุผลได้อย่างลงตัว

สิ่งที่คุณต้องระวังคือ การยึดถือว่าตนเองรู้มากหรือสูงส่งกว่าผู้อื่น จนเกิดการปฏิเสธแนวทางดั้งเดิมหรือประเพณีที่มีมาแต่เดิม รวมถึงการพูดถึงเหตุผล ปรัชญา หรือความเชื่อมากเกินไป จนผู้คนรอบข้างอาจรู้สึกตามคุณไม่ทัน"
Talent Number 28,"คุณเป็นคนที่แข็งแกร่งที่สุดในบรรดาผู้ที่มีเลข 1 ทั้งหมด มีความปรารถนาในความสำเร็จอย่างแรงกล้า ทั้งในด้านวัตถุและจิตใจ อิทธิพลของเลข 8 ทำให้คุณมีพลังในการอดทน ไม่ว่าจะทำเรื่องใดก็ตาม คุณสามารถยืนหยัดต่อสู้เพื่อให้ได้มาซึ่งสิ่งที่คิดและฝันไว้

คุณมีสติปัญญาโดดเด่น เป็นผู้นำที่กล้าคิดและลงมือปฏิบัติจริง มีพรสวรรค์ด้านหัวการค้า มักคาดหวังถึงทรัพย์สินเงินทองจากความสำเร็จ และมีแนวโน้มจะใช้เงินเป็นตัวตัดสินคุณค่าของตนเอง หากมีโอกาสก็มักจะสร้างธุรกิจเป็นของตัวเอง

อย่างไรก็ตาม การคาดหวังถึงความสำเร็จมากเกินไป อาจทำให้ผู้อื่นมองว่าคุณเป็นคนสะเพร่า สนใจแต่งานใหญ่แต่ไม่ใส่ใจในรายละเอียด ชอบทำอะไรตามอำเภอใจ หยิ่งยโส ขี้ระแวง ชอบโอ้อวด และคิดว่าตนเองสำคัญเกินจริง

คุณมีแนวโน้มจะประเมินความสามารถของตัวเองไว้สูงเกินไป ชอบควบคุมและสั่งการให้ผู้อื่นทำตามสิ่งที่คุณต้องการ เคยชินกับการเป็นผู้คุมทิศทางของสิ่งต่าง ๆ รอบตัว"
Talent Number 29,"ภายนอกคุณดูเหมือนเป็นคนที่ยินดีจะทำงานร่วมกับผู้อื่น และมีใจรักในการบริการ แต่ในความเป็นจริงแล้ว ภายในจิตใจของคุณมีความหยิ่งอยู่พอสมควร และลึก ๆ ก็มีความรู้สึกว่าตนเองต่ำต้อย ซึ่งอาจเป็นผลมาจากประสบการณ์ในวัยเด็ก โดยเฉพาะการถูกเลี้ยงดูด้วยคำดุด่าหรือคำตำหนิ

ศักยภาพของคุณอยู่ที่พลังแห่งการให้บริการ คุณสามารถสร้างแรงบันดาลใจให้กับผู้คนรอบข้างได้ และยังมีความคิดสร้างสรรค์ที่โดดเด่น หากคุณสามารถอยู่กับความเป็นจริง และเอาชนะจุดอ่อนในเรื่องของการช่างจินตนาการแต่ไม่ลงมือทำ (ตามพลังของเลข 9) ได้แล้ว การไปถึงเป้าหมายที่คุณต้องการจะไม่ใช่เรื่องยากอีกต่อไป

สิ่งสำคัญที่คุณควรยึดไว้คือ การดำเนินชีวิตอยู่บนพื้นฐานของความเป็นจริง เดินไปข้างหน้าอย่างมั่นคง ไม่จำเป็นต้องรีบร้อนพิสูจน์ตัวเองให้ใครเห็น เพราะความสามารถของคุณจะฉายออกมาเองเมื่อคุณมั่นคงในใจของตัวเอง"
Talent Number 30,"คุณเป็นคนที่มีพลังในการแสดงออกอย่างเต็มที่ แต่สิ่งสำคัญคือ คุณต้องมีเหตุผลและจุดยืนในการพูดหรือสื่อสารสิ่งต่าง ๆ ออกมา เพราะหากไม่มีทิศทางที่ชัดเจน การพูดไม่หยุดของคุณอาจกลายเป็นสิ่งที่ทำให้คนรอบข้างรู้สึกปวดหัวและเหนื่อยล้า

คุณเป็นคนมีชีวิตชีวา สนุกสนาน และมักมีงานอดิเรกมากมายเต็มไปหมด แต่หากคุณพบวิธีที่เหมาะกับตัวเอง ความฉลาดหลักแหลมของคุณก็จะฉายแสงออกมาอย่างชัดเจน ไม่ว่าจะเป็นงานเขียน การถ่ายภาพ การแสดง ดนตรี หรือกิจกรรมใด ๆ ที่ไม่อยู่นิ่ง

สิ่งที่จำเป็นสำหรับคุณคือ “เวทีในการแสดงออก” การมีพื้นที่ที่คุณสามารถแสดงตัวตนออกมาอย่างสร้างสรรค์นั้น มีคุณค่ามากกว่าการพยายามเรียกร้องความสนใจด้วยวิธีการที่ไร้สาระหลายเท่านัก"
Talent Number 31,"คุณเป็นคนที่มีพลังสร้างสรรค์อยู่ภายใน และสามารถแสดงออกอย่างเป็นธรรมชาติ แต่สำหรับคุณ การแสดงออกไม่ใช่เป้าหมาย หากเป็นเพียงเครื่องมือในการถ่ายทอดสิ่งที่คุณรู้สึกและคิดไว้อย่างลึกซึ้งจากภายใน

คุณต้องการความมั่นคงในชีวิต โดยเฉพาะในเรื่องของวัตถุและครอบครัว ซึ่งเป็นแรงผลักดันสำคัญในการใช้ความสามารถของคุณอย่างเต็มที่ คุณมีความยืดหยุ่นทางความคิด สามารถปรับตัว เปิดรับเรื่องใหม่ ๆ และเรียนรู้สิ่งต่าง ๆ ได้อย่างรวดเร็ว

อย่างไรก็ตาม สิ่งที่คุณควรระวังคือ ความไม่ต่อเนื่อง ไม่ว่าจะเริ่มต้นสิ่งใดก็ตาม มักมีแนวโน้มที่จะเปลี่ยนใจหรือวางมือก่อนที่จะไปให้สุดทาง หากสามารถรักษาความสม่ำเสมอได้ พลังสร้างสรรค์และความสามารถของคุณจะกลายเป็นพลังที่นำคุณไปสู่ความสำเร็จในระยะยาว"
Talent Number 32,"คุณเป็นคนที่เลือกทำในสิ่งที่ตนเองชอบเท่านั้น มีความสามารถพิเศษในการใช้การรับรู้ทางความรู้สึกในการสำรวจโลกภายในจิตใจ มีความหลากหลายในความสนใจ และให้ความสำคัญกับการแสดงความเป็นตัวเองอย่างเต็มที่

คุณมีพรสวรรค์ด้านการใช้อักษร ดนตรี ศิลปะ การถ่ายภาพ และการออกแบบ โดยใช้สิ่งเหล่านี้เป็นช่องทางในการถ่ายทอดความสามารถและความรู้สึกที่อยู่ภายใน

สิ่งสำคัญที่คุณต้องเรียนรู้ คือการเข้าใจพลังของเลข 2 ที่อยู่ในตัวคุณ การใช้เซ้นส์และการวิเคราะห์ร่วมกันในการเดินตามความรู้สึก พร้อมทั้งฝึกที่จะอยู่ได้ด้วยตัวเองโดยไม่ต้องพึ่งพาคนอื่นมากเกินไป

หากคุณสามารถทำสิ่งเหล่านี้ได้อย่างสมดุล เส้นทางชีวิตของคุณจะเปิดกว้าง และคุณจะสามารถไปถึงเป้าหมายได้แน่นอน สิ่งที่ควรระวังคืออย่ากลัวการเปลี่ยนแปลง เพราะการเปลี่ยนแปลงคือส่วนหนึ่งของการเติบโต และสำหรับคุณแล้ว ประสบการณ์ชีวิตมีค่ามากกว่าตัวเงินเสมอ"
Talent Number 33,"คุณเป็นคนที่มีแนวโน้มจะสมบูรณ์แบบในทุกสิ่งที่ทำ ความเป็นเลข 3 ซ้ำกันสองตัว ทำให้คุณพยายามหาวิธีแสดงออกอยู่เสมอ และรู้สึกดีเมื่อได้รับคำชื่นชมจากผู้อื่น

คุณมีจิตวิญญาณที่ลึกซึ้ง มีพลังในการลงมือทำ และเมื่อลงมือทำอะไรแล้วก็มักจะทำได้อย่างมีประสิทธิภาพสูง คุณเหมาะกับงานที่ต้องนำความคิดสร้างสรรค์ไปใช้ในทางปฏิบัติ และงานที่สามารถเติมเต็มความต้องการในการแสดงออกของคุณได้อย่างชัดเจน

อาชีพที่เหมาะกับคุณ ได้แก่ นักเขียน นักแสดง นักขาย พิธีกร หรืองานใด ๆ ที่เปิดโอกาสให้คุณได้แสดงตัวตนอย่างชัดเจน รวมถึงอาชีพอื่น ๆ ที่ต้องมีปฏิสัมพันธ์กับผู้คนจำนวนมาก คุณก็สามารถทำได้ดีเช่นกัน"
Talent Number 34,"ชีวิตที่ใช้อยู่บนความเป็นจริงคือพื้นฐานแห่งการบรรลุเป้าหมายของคุณ คุณให้ความสำคัญกับความมั่นคง และมักไม่ยินดีที่จะรับความเห็นหรือเรื่องราวใหม่ ๆ โดยง่าย ลึก ๆ แล้วคุณกลัวความไม่มั่นคงที่เกิดขึ้นจากความเปลี่ยนแปลง

พลังในตัวคุณมีความเป็นอนุรักษ์นิยมซ่อนอยู่ เป็นนิสัยที่มาจากความมั่นคงภายในจิตใจ หากคุณสามารถนำสิ่งนี้มาใช้เป็นรากฐานในการดำเนินชีวิต ก็จะสามารถสร้างความมั่นคงในเส้นทางของตนได้

ในขณะเดียวกัน คุณมีความสนใจในเรื่องสรรพสิ่งในจักรวาล และพลังลึกลับอยู่ในระดับหนึ่ง มักถูกดึงดูดโดยเรื่องทางจิตวิญญาณ พลังของเลข 3 และ 7 ทำให้คุณเป็นคนที่มีสติปัญญา ชอบค้นคว้า และใฝ่รู้ในสิ่งที่อยู่นอกกรอบความเป็นจริง

แต่ภายในก็มีความขัดแย้งระหว่างความต้องการความมั่นคง กับความอยากสำรวจสิ่งที่ลึกซึ้งและมองไม่เห็น คุณควรลดความบุ่มบ่าม ความคิดว่าตนเองสูงส่ง และเรียนรู้ที่จะรับรู้ความต้องการที่แท้จริงของตัวเอง

หากคุณสามารถใช้ความสามารถที่แท้จริงลงมือทำให้เกิดผลลัพธ์ สร้างรายได้ที่มั่นคงให้ชีวิต คุณก็จะสามารถเข้าสู่ห้วงแห่งจิตใจและความลึกของตัวเองได้อย่างแท้จริง"
Talent Number 35,"คุณเป็นคนที่มีความมักใหญ่ใฝ่สูง ชอบให้ตนเองเป็นจุดสนใจ และไม่ชอบการเป็นคนธรรมดาทั่วไป ความชอบที่หลากหลายทำให้คุณจับจุดสำคัญของชีวิตไม่ค่อยได้ อะไรก็อยากทำไปหมด แต่เมื่อเริ่มลงมือทำจริง กลับเกิดอาการดื้อรั้น และขาดความอดทน

พลังของเลข 3 และ 5 ทำให้คุณมีความเอาแต่ใจ ไม่มีระเบียบวินัย และไม่ค่อยอยู่กับความเป็นจริง สิ่งสำคัญที่คุณต้องเข้าใจคือ อย่าเลือกทำสิ่งที่ต้องใช้ความอดทนและหมั่นเพียรเป็นระยะเวลานาน เพราะมันอาจทำให้คุณหมดแรงใจไปเสียก่อน

ในทางกลับกัน คุณมีความเฉลียวฉลาด มีไหวพริบ และสามารถนำสิ่งเหล่านี้ไปใช้กับเส้นทางที่พาคุณไปสู่ความสำเร็จได้รวดเร็วกว่าเดิม คุณมีศักยภาพที่จะสร้างเนื้อสร้างตัวขึ้นมาจากศูนย์ เหมาะกับงานที่เปิดโอกาสให้คุณได้ทำอย่างอิสระ และเป็นตัวของตัวเองอย่างเต็มที่"
Talent Number 36,"คุณมีพลังของตัวเลขที่มีส่วนคล้ายกันทั้งสามตัว — 3, 6 และ 9 — ซึ่งล้วนใช้เหตุผลเป็นหลัก แต่ในขณะเดียวกันก็มีจิตวิญญาณซ่อนอยู่ภายในด้วยเช่นกัน คนที่มีเลขชุดนี้มักจะมีความคาดหวังต่อตนเองและผู้อื่นในระดับที่สูงมาก

สิ่งที่คุณต้องเรียนรู้ก่อนคือ การแก้ปัญหาเรื่องการดูถูกตัวเอง และเข้าใจในความต้องการภายในของตนเอง โดยเฉพาะความต้องการที่เกี่ยวข้องกับพลังของเลข 6 ที่เกี่ยวข้องกับความรัก การดูแล และความสัมพันธ์กับผู้อื่น แต่ต้องไม่หมกมุ่นอยู่กับการแสวงหาความสมบูรณ์แบบจนเกินไป

หากคุณมีแนวคิดที่อนุรักษ์นิยมมากเกินไป ก็จะเป็นตัวขัดขวางพรสวรรค์ด้านสติปัญญาของคุณเอง หากสามารถนำสมาธิทั้งหมดกลับมาอยู่กับตัวเอง เข้าใจตัวเองอย่างแท้จริง คุณจะสามารถอะลุ่มอล่วยกับทุกเรื่องราวรอบตัวได้มากขึ้น

เมื่อคุณเข้าใจตัวเองได้อย่างลึกซึ้ง พลังในตัวคุณจะนำพาไปสู่บทบาทที่โดดเด่น เช่น การเป็นจิตแพทย์ที่เข้าใจจิตใจของผู้คนในเชิงลึก หรือการเป็นอาจารย์ที่มีอิทธิพลต่อจิตวิญญาณของผู้คนก็เป็นไปได้"
Talent Number 37,"คุณมีความสามารถในการทบทวนความคิดของตนเอง ซึ่งจะค่อย ๆ ปรากฏออกมาชัดเจนขึ้นตามการเติบโตในชีวิต คุณมีความปรารถนาในการสืบค้นข้อเท็จจริง และต้องการแสดงสติปัญญาภายในของตนออกมาให้คนอื่นเห็น เพื่อใช้เป็นแรงกระตุ้นและผลักดันให้ผู้อื่นก้าวหน้าไปด้วยกัน

คุณมีความเป็นผู้นำอยู่ในตัว โดยเฉพาะในด้านเซ้นส์และการมองโลกในแง่ดี ซึ่งโดดเด่นกว่าผู้อื่น สิ่งที่คุณต้องเอาชนะให้ได้คือ ความลังเลในตัวเอง และแนวโน้มที่จะพึ่งพาผู้อื่นมากเกินไป เพราะถ้ายังไม่สามารถก้าวข้ามจุดนี้ได้ คุณจะไม่อาจเชื่อมั่นในตนเองได้อย่างแท้จริง

คุณมีความสนใจในเรื่องศิลปะอย่างลึกซึ้ง และสามารถใช้ศิลปะเป็นช่องทางสำคัญในการแสดงตัวตน ถ่ายทอดความคิด และพลังในจิตใจออกมาได้อย่างทรงพลัง"
Talent Number 38,"คุณเป็นคนที่มีความปรารถนาในความสำเร็จอย่างแรงกล้า มากกว่าคนทั่วไป พลังในตัวคุณโดดเด่นด้านความเป็นผู้นำ มีนิสัยค่อนข้างแข็ง และแสดงออกอย่างมั่นใจในความสามารถของตนเอง

คุณมีศักยภาพทั้งในด้านสติปัญญาและความสร้างสรรค์ที่เหนือกว่าคนรอบข้าง แต่คุณมักควบคุมทุกสิ่งมากเกินไป จนกลายเป็นความรู้สึกว่าตนเองสูงส่ง และเผลอมองว่าผู้อื่นต่ำต้อยกว่าตน

บทเรียนสำคัญของผู้ที่มีเลขพรสวรรค์ 38/11 คือ การเปลี่ยนพลังของเลข 8 จากความต้องการอำนาจที่เน้นการควบคุม ไปสู่การใช้อำนาจนั้นในการโน้มน้าวจิตใจผู้อื่น เพื่อสร้างแรงบันดาลใจ แทนที่จะสร้างแรงกดดัน

หากคุณเข้าใจสิ่งนี้และปรับพลังภายในได้อย่างสมดุล เส้นทางของคุณจะเปิดกว้าง และจะสามารถก้าวไปเป็นผู้นำที่เปี่ยมด้วยพลังทางจิตวิญญาณได้อย่างแท้จริง"
Talent Number 39,"คุณเป็นคนที่เปี่ยมไปด้วยพลังแห่งการสื่อสาร มีความสามารถในการแสดงออก และมีพรสวรรค์ด้านศิลปะอย่างชัดเจน แต่ในขณะเดียวกัน ก็มีบางสิ่งที่ลึกและซ่อนอยู่ในตัวคุณ — นั่นคือความรู้สึกถึงหน้าที่ หรือภารกิจบางอย่างที่คุณรู้สึกว่าต้องทำให้สำเร็จ เพื่อคนอื่น เพื่อโลก หรือเพื่ออุดมการณ์ที่คุณเชื่อ

คุณอาจดูเป็นคนร่าเริง สนุกสนาน เข้ากับคนง่าย แต่ลึก ๆ แล้วคุณมีจิตใจที่ละเอียดอ่อน อ่อนไหว และเต็มไปด้วยความคาดหวังทั้งต่อตัวเองและผู้อื่น การสื่อสารของคุณมีพลัง หากใช้ถูกทาง จะสามารถส่งแรงบันดาลใจไปยังคนรอบข้างได้อย่างน่าทึ่ง

สิ่งที่คุณต้องระวังคือ ความคาดหวังในอุดมคติที่มากเกินไป จนอาจทำให้คำพูดกลายเป็นเครื่องมือของการตัดสิน มากกว่าการเข้าใจ หากคุณสามารถถ่ายทอดความรู้สึกอย่างจริงใจ โดยไม่ต้องพยายามทำให้ทุกอย่างสมบูรณ์แบบ พลังของคุณจะเปิดทางให้กับทั้งตัวเองและผู้อื่นได้อย่างลึกซึ้ง

คุณเหมาะกับเส้นทางที่มีเวทีให้คุณพูด เขียน หรือถ่ายทอดตัวตน เช่น นักเขียน ศิลปิน นักพูด หรือแม้แต่งานด้านช่วยเหลือผู้คนผ่านพลังของคำพูด และความเข้าใจที่ลึกซึ้ง"
Talent Number 40,"คุณมีจุดเด่นในพลังของการรวมกลุ่ม การลงมือทำ และการวิเคราะห์ด้านความปลอดภัย รวมถึงการแสดงออกถึงความมั่นคงอย่างชัดเจน คุณเป็นคนที่มีความพยายามอย่างดื้อรั้น และมุ่งมั่นจะไปถึงเป้าหมายที่ตั้งใจไว้ให้ได้

พื้นฐานพลังของคุณอยู่ที่ความมั่นคงในชีวิต ซึ่งไม่อาจมองข้ามได้ ความมั่นคงทางวัตถุและความเป็นอยู่คือสิ่งที่หล่อเลี้ยงความมั่นใจในตัวคุณ หากสิ่งเหล่านี้สั่นคลอน คุณอาจรู้สึกไม่มั่นคงทั้งทางจิตใจและศักยภาพ เช่น หากคุณเป็นศิลปินที่ไม่มีแม้แต่เงินซื้อสี ก็เป็นไปได้สูงที่จะรู้สึกท้อแท้จนหมดพลังในการสร้างสรรค์

คนที่มีเลขพรสวรรค์ 40/4 จำเป็นต้องเริ่มจากความจริงก่อน เรียนรู้ที่จะสร้างฐานชีวิตให้มั่นคง แล้วจึงค่อยต่อยอดศักยภาพด้านอื่น ๆ ให้เติบโตได้อย่างมั่นใจและยั่งยืน"
Talent Number 41,"คุณเป็นคนที่มีพลังแห่งการสร้างสรรค์อย่างโดดเด่น และมีความสามารถในการลงมือทำได้ในระดับที่น่าประทับใจ แต่สิ่งสำคัญที่คุณต้องระวังคือ การรักษาสมดุลระหว่าง “ความมั่นคง” กับ “ความรักอิสระ” ให้ดี

การลงมือทำด้วยตัวเอง และการรู้จักร้องขอความช่วยเหลือจากผู้อื่น เป็นสองสิ่งที่สามารถเสริมกันได้อย่างมีประสิทธิภาพ เมื่อคุณใช้สองพลังนี้ควบคู่กัน คุณจะสามารถทำให้ทุกสิ่งที่ตั้งใจไว้ประสบความสำเร็จได้ง่ายขึ้น

อย่างไรก็ตาม คุณมีแนวโน้มที่จะรู้สึกไม่ปลอดภัยในสิ่งแวดล้อมที่ควบคุมไม่ได้ และในขณะเดียวกันก็รักอิสระมากจนบางครั้งกลายเป็นอุปสรรคของตัวเอง ความรู้สึกทั้งสองนี้หากปล่อยให้มากเกินไป จะกลายเป็นสิ่งที่คอยดึงขาคุณไว้ไม่ให้ไปไกลเท่าที่ควร

คุณเป็นคนที่มีความสนใจหลากหลาย มีความรู้และศักยภาพในหลายด้าน หากสามารถเลือกสิ่งใดสิ่งหนึ่งและลงมือทำอย่างต่อเนื่องจนตลอดเส้นทาง คุณจะสามารถประสบความสำเร็จได้ง่ายขึ้นกว่าที่คิด"
Talent Number 42,"คุณเป็นคนที่มีความสามารถในการคิด วิเคราะห์ และเข้าใจผู้อื่นได้อย่างลึกซึ้ง แต่สิ่งที่คุณต้องเรียนรู้เป็นพิเศษคือ การใช้พลังของเลข 2 ให้เป็นประโยชน์ — โดยเฉพาะการเรียนรู้ที่จะทำงานร่วมกับผู้อื่น และกล้าที่จะเปิดเผยความต้องการที่แท้จริงของตัวเอง

คุณมีแนวโน้มจะคิดมาก คิดซ้อนหลายชั้น และวิเคราะห์จนเกินพอดี ส่งผลให้คุณมักลังเลหรือตัดสินใจผิดพลาด เพราะปิดกั้นความต้องการที่แท้จริงไว้ภายในโดยไม่รู้ตัว

พลังของเลข 4 และ 6 ในชุดนี้ส่งเสริมให้คุณเป็นคนที่ให้ความสำคัญกับความมั่นคง ความรัก และการให้บริการผู้อื่น คุณมีความสามารถพิเศษในการใช้จินตนาการร่วมกับเหตุผลในการทำงานได้อย่างมีประสิทธิภาพ

หากคุณสามารถลดความกดดันที่สร้างให้กับตัวเอง และเลือกเส้นทางชีวิตจากสิ่งที่คุณต้องการอย่างแท้จริง ไม่ใช่จากสิ่งที่คุณคิดว่าควรจะเป็น คุณจะสามารถใช้พรสวรรค์ในด้านการคิดวิเคราะห์ และจิตใจที่อ่อนไหวของคุณ ไปเติมเต็มบทบาทสำคัญในอาชีพที่เกี่ยวกับการวางแผน การเขียน การให้คำปรึกษา หรือสายงานที่ต้องดูแลและเข้าใจผู้อื่นได้อย่างยอดเยี่ยม"
Talent Number 43,"คุณเป็นคนที่มีความสนใจในเรื่องสรรพสิ่งของจักรวาล และพลังลึกลับบางอย่างอยู่เสมอ มักถูกดึงดูดเข้าสู่สิ่งที่เกี่ยวข้องกับจิตวิญญาณ และแสวงหาคำตอบในเรื่องที่อยู่นอกเหนือจากโลกวัตถุ

พลังของเลข 3 และ 7 ทำให้คุณเป็นคนที่มีสติปัญญาเฉียบคม สนใจในเรื่องที่ตนเองอยากรู้ อยากเห็น อยากค้นคว้า มักออกไปในแนวคิดที่ไม่อยู่กับความเป็นจริงนัก แต่ในขณะเดียวกัน พลังของเลข 4 ก็ทำให้คุณให้ความสำคัญกับความมั่นคงของครอบครัว วัตถุ และหน้าที่การงานอย่างชัดเจน

เมื่อพลังทั้งสามรวมกัน จึงทำให้คุณมีความขัดแย้งภายในอยู่พอสมควร ระหว่างการแสวงหาทางจิตวิญญาณ กับความต้องการความมั่นคงในชีวิตจริง คุณควรลดความบุ่มบ่าม และปล่อยวางความคิดที่ว่าตัวเองสูงส่งกว่าผู้อื่น

สิ่งสำคัญคือการรับรู้ความต้องการของตนเองอย่างแท้จริง ใช้ความสามารถที่คุณมีอยู่ในการลงมือทำ เพื่อสร้างรายได้และความมั่นคงในชีวิตเสียก่อน แล้วจึงค่อยเดินเข้าสู่ห้วงลึกของจิตใจ เพื่อเข้าใจตัวเองในระดับที่ลึกซึ้งยิ่งขึ้น"
Talent Number 44,"คุณเป็นคนที่รู้ชัดในสิ่งที่ตนเองต้องการ และมีพรสวรรค์ในด้านการบริหารจัดการและหัวการค้ามากที่สุดในบรรดาเลขพรสวรรค์ทั้งหมด พลังของเลข 4 และเลข 8 ซึ่งต่างก็เป็นเลขที่เก่งในทางปฏิบัติ ทำให้คุณมีความสามารถสูงในการวางแผน การลงมือทำ และการสร้างผลลัพธ์ที่จับต้องได้

หากต้องเรียงลำดับความสำคัญในชีวิตระหว่างทรัพย์สินเงินทอง อำนาจ และความสำเร็จ สิ่งแรกที่คุณจะเลือกก็คือ ""ทรัพย์สินเงินทอง"" โดยเฉพาะสิ่งที่มั่นคงอย่างเงินฝากและที่อยู่อาศัย เพราะสิ่งเหล่านี้คือพื้นฐานที่สร้างความรู้สึกปลอดภัยให้กับคุณ

สิ่งที่คุณต้องระวังคือ การคิดคำนวณหรือวิเคราะห์มากเกินไปจนกลายเป็นความยึดติด โดยเฉพาะเมื่อความอยากได้อยากมีในเรื่องความร่ำรวยกลายเป็นแรงผลักที่ควบคุมคุณมากเกินไป นั่นอาจทำให้คุณละเลยด้านอื่นของชีวิตโดยไม่รู้ตัว

จงอย่าลืมว่า ความรัก ความเข้าใจ และความปรองดองในครอบครัวคือสิ่งสำคัญไม่แพ้ความสำเร็จทางวัตถุ เพราะนั่นคือแรงขับเคลื่อนที่แท้จริงของคุณ เมื่อสามารถรักษาสมดุลระหว่างความมั่นคงทางกายภาพกับความมั่นคงทางใจได้ พลังของเลข 44/8 จะนำพาคุณไปสู่ความสำเร็จที่มั่นคงและยั่งยืน"
Talent Number 45,"คุณมีพลังของตัวเลขที่อยู่ใกล้กันแต่มีลักษณะตรงข้ามอย่างชัดเจน จึงเกิดความขัดแย้งภายในอยู่พอสมควร เลข 4 ในตัวคุณต้องการความมั่นคง มีหลักเกณฑ์ และแผนการที่แน่นอน ไม่ชอบการเปลี่ยนแปลง ในขณะที่เลข 5 กลับเปิดรับความเปลี่ยนแปลงอย่างเต็มที่ ไม่ยึดติดกับกฎเกณฑ์ และพร้อมจะหลุดออกจากพื้นที่ปลอดภัยเพื่อไปสำรวจสิ่งใหม่

ความขัดแย้งระหว่างสองพลังนี้ส่งผลให้คุณมักมีช่องว่างระหว่างคำพูดกับการกระทำ บางครั้งสิ่งที่คุณคิดกับสิ่งที่คุณทำอาจไม่ไปในทิศทางเดียวกัน ทำให้เกิดความไม่แน่นอนภายในจิตใจ

คุณต้องทำความเข้าใจให้ชัดว่า “ความมั่นคงไม่ใช่ข้อจำกัด” และ “ความอิสระไม่ใช่การปล่อยตัวตามสบาย” การเข้าใจความหมายที่แท้จริงของคำสองคำนี้จะเป็นจุดเริ่มต้นที่ดีในการปรับสมดุลภายในของคุณ

สิ่งสำคัญคือการมีใจลงมือทำอย่างแท้จริง แล้วใช้ความมั่นคงเป็นฐานในการเผชิญกับความท้าทาย เมื่อคุณสามารถสร้างสมดุลระหว่างโครงสร้างกับอิสระได้ ความรู้สึกไม่ปลอดภัยจะค่อย ๆ ลดลง และพลังของคุณจะถูกปลดปล่อยออกมาได้อย่างเต็มที่"
Talent Number 46,"คุณเป็นคนที่ต้องใช้พื้นฐานของความมั่นคงทางวัตถุมาเติมเต็มความฝันในจิตใจ หากคุณขาดหลักประกันในชีวิต ไม่ว่าจะเป็นเรื่องการเงิน ที่อยู่อาศัย หรือความมั่นคงในหน้าที่การงาน ก็มีแนวโน้มที่จะกลายเป็นคนที่รู้สึกไม่วางใจในสิ่งรอบตัว และกลายเป็นคนช่างติติงไปเสียทุกเรื่อง

ความเป็นอุดมคตินิยมในตัวคุณ แม้จะมีแรงผลักดันที่ดี แต่ก็อาจกลายเป็นอุปสรรคต่อเส้นทางแห่งความสำเร็จ หากคุณพยายามไล่ตามสิ่งที่สมบูรณ์แบบจนละเลยสิ่งที่เป็นไปได้จริงในโลกแห่งความเป็นจริง

คุณจำเป็นต้องเรียนรู้การใช้การคิดวิเคราะห์อย่างมีสติ ร่วมกับการเยียวยาตัวเองในยามที่ความรู้สึกไม่มั่นคงเข้ามาครอบงำ เริ่มต้นด้วยการยืนบนพื้นฐานของความเป็นจริง มองสิ่งต่าง ๆ อย่างตรงไปตรงมา และไม่จำเป็นต้องหลบหนีความปรารถนาทางวัตถุที่มีอยู่ภายในจิตใจ

เมื่อคุณสามารถรวมพลังของจิตใจและความมั่นคงภายนอกเข้าด้วยกันได้ พลังแห่งผู้นำในตัวคุณจะปรากฏอย่างเด่นชัด และนำพาคุณไปสู่เป้าหมายได้อย่างมั่นคง"
Talent Number 47,"คุณเป็นคนที่มีความสามารถในการวิเคราะห์อย่างลึกซึ้ง พลังของเลข 4 และ 7 ในตัวคุณส่งเสริมให้คุณมีเหตุผลเป็นหลัก และเป็นผู้ที่มีศักยภาพซ่อนอยู่มากที่สุดคนหนึ่ง เมื่อคุณได้ลงมือทำงาน ไม่ว่าคุณจะอยู่ในสายอาชีพใด คุณมักจะมีแผนงานที่ชัดเจนเป็นของตัวเอง

อย่างไรก็ตาม อิทธิพลในด้านลบของเลข 4 และ 7 อาจทำให้คุณติดอยู่กับตรรกะมากเกินไป จนไม่เชื่อมั่นในเสียงจากจิตใจของตนเอง คุณอาจมีแผนที่สมบูรณ์บนกระดาษ แต่ลังเลหรือกลัวที่จะลงมือทำจริง และนั่นทำให้พลาดโอกาสสำคัญในชีวิต

คุณต้องเรียนรู้ว่าการลงมือทำ แม้จะผิดพลาดบ้าง ก็มีค่ามากกว่าการวางแผนที่ไม่มีวันเป็นจริง หากคุณสามารถดึงเซ้นส์อันลึกซึ้งของเลข 7 มาใช้ควบคู่กับความแน่วแน่ในการลงมือทำของเลข 4 ได้แล้ว ชีวิตของคุณจะเดินหน้าได้อย่างราบรื่น และศักยภาพที่ซ่อนอยู่จะถูกปลดปล่อยออกมาอย่างเต็มที่"
